{
  "wall_seconds": 349.3736487670103,
  "mean_run_seconds": 13.946794249389313,
  "median_run_seconds": 14.602120031486265,
  "max_run_seconds": 26.95527371391654,
  "valid_runs": 3072,
  "invalid_runs": 0
}