{
  "wall_seconds": 315.5641382999602,
  "mean_run_seconds": 12.741628340627358,
  "median_run_seconds": 10.210199100052705,
  "max_run_seconds": 24.306274199974723,
  "valid_runs": 192,
  "invalid_runs": 0
}