{
  "wall_seconds": 1455.7098166000214,
  "mean_run_seconds": 15.112902400520701,
  "median_run_seconds": 12.988481550011784,
  "max_run_seconds": 79.40614949999144,
  "valid_runs": 349,
  "invalid_runs": 35
}