{
  "wall_seconds": 353.39986741298344,
  "mean_run_seconds": 14.103323487312005,
  "median_run_seconds": 14.76993534702342,
  "max_run_seconds": 24.696219819947146,
  "valid_runs": 3072,
  "invalid_runs": 0
}