{
  "sample_rows": 768,
  "available_run_files": 768,
  "analyzed_runs": 768,
  "skipped_runs": [],
  "instability_quantile": 0.9,
  "unstable_count": 77,
  "unstable_run_ids": [
    5,
    45,
    47,
    66,
    68,
    70,
    79,
    106,
    107,
    109,
    112,
    115,
    130,
    153,
    179,
    186,
    189,
    210,
    211,
    213,
    214,
    230,
    233,
    238,
    247,
    248,
    275,
    297,
    321,
    322,
    331,
    338,
    354,
    366,
    367,
    405,
    434,
    441,
    450,
    451,
    458,
    461,
    475,
    542,
    546,
    547,
    550,
    560,
    561,
    564,
    565,
    569,
    573,
    574,
    587,
    618,
    622,
    630,
    638,
    646,
    655,
    658,
    677,
    681,
    690,
    691,
    695,
    702,
    726,
    727,
    729,
    730,
    731,
    746,
    749,
    762,
    766
  ],
  "most_unstable_runs": [
    {
      "sample_id": 730,
      "instability_score": 5.8185506819622494,
      "mean_fighting": 1.76,
      "std_fighting": 2.1453204888780606,
      "peak_fighting": 8.0,
      "relative_drift": 0.9318181818181819,
      "similarity_threshold": 0.07792297662235796,
      "fight_threshold": 0.44666958004236224,
      "hawk_dove_C": 5.526938689127563,
      "police_density": 0.1392677222006023
    },
    {
      "sample_id": 210,
      "instability_score": 3.018914792036933,
      "mean_fighting": 3.87,
      "std_fighting": 3.2822400887198975,
      "peak_fighting": 14.0,
      "relative_drift": 0.38759689922480617,
      "similarity_threshold": 0.7740083493292332,
      "fight_threshold": 0.41415846571326265,
      "hawk_dove_C": 6.270130403339862,
      "police_density": 0.12913171542808413
    },
    {
      "sample_id": 569,
      "instability_score": 2.5956330022089222,
      "mean_fighting": 11.96,
      "std_fighting": 5.853067571795153,
      "peak_fighting": 32.0,
      "relative_drift": 0.4816053511705685,
      "similarity_threshold": 0.16574964383617044,
      "fight_threshold": 0.325061720609665,
      "hawk_dove_C": 18.05105280857533,
      "police_density": 0.13428599167615174
    },
    {
      "sample_id": 691,
      "instability_score": 2.4118129122313796,
      "mean_fighting": 23.14,
      "std_fighting": 9.177167318949786,
      "peak_fighting": 45.0,
      "relative_drift": 0.48573898012100264,
      "similarity_threshold": 0.41199627188034355,
      "fight_threshold": 0.35094864740967757,
      "hawk_dove_C": 11.22414105767384,
      "police_density": 0.10340243047103284
    },
    {
      "sample_id": 561,
      "instability_score": 2.3104528804366478,
      "mean_fighting": 23.49,
      "std_fighting": 9.493676843036106,
      "peak_fighting": 48.0,
      "relative_drift": 0.4538101319710515,
      "similarity_threshold": 0.3454552138224244,
      "fight_threshold": 0.32639230191707613,
      "hawk_dove_C": 1.6094559144228697,
      "police_density": 0.1476439710520208
    },
    {
      "sample_id": 542,
      "instability_score": 2.303543149870056,
      "mean_fighting": 10.83,
      "std_fighting": 5.603668441298074,
      "peak_fighting": 34.0,
      "relative_drift": 0.38596491228070173,
      "similarity_threshold": 0.4016542868688702,
      "fight_threshold": 0.40783999562263495,
      "hawk_dove_C": 4.4267621655948455,
      "police_density": 0.13020578939467667
    },
    {
      "sample_id": 550,
      "instability_score": 2.278517835281127,
      "mean_fighting": 5.11,
      "std_fighting": 3.120560847027342,
      "peak_fighting": 13.0,
      "relative_drift": 0.324853228962818,
      "similarity_threshold": 0.8242693804670126,
      "fight_threshold": 0.42520699501037607,
      "hawk_dove_C": 14.973711627069859,
      "police_density": 0.0849223625101149
    },
    {
      "sample_id": 655,
      "instability_score": 2.251277132277104,
      "mean_fighting": 4.71,
      "std_fighting": 2.868082983457766,
      "peak_fighting": 16.0,
      "relative_drift": 0.3184713375796178,
      "similarity_threshold": 0.14554773652926087,
      "fight_threshold": 0.3971306279301644,
      "hawk_dove_C": 18.53435602346435,
      "police_density": 0.13227285040542483
    },
    {
      "sample_id": 729,
      "instability_score": 2.238506819552076,
      "mean_fighting": 3.23,
      "std_fighting": 2.305883778510964,
      "peak_fighting": 10.0,
      "relative_drift": 0.2538699690402478,
      "similarity_threshold": 0.07792297662235796,
      "fight_threshold": 0.44666958004236224,
      "hawk_dove_C": 11.338334345445036,
      "police_density": 0.09178638849407433
    },
    {
      "sample_id": 574,
      "instability_score": 2.155281692105557,
      "mean_fighting": 216.37,
      "std_fighting": 54.746809039431696,
      "peak_fighting": 305.0,
      "relative_drift": 0.3783334103618802,
      "similarity_threshold": 0.6376387002877891,
      "fight_threshold": 0.1948908120393753,
      "hawk_dove_C": 0.16709416434168817,
      "police_density": 0.0675840109027922
    }
  ]
}