{
  "wall_seconds": 1364.1244048999997,
  "mean_run_seconds": 14.111321409375018,
  "median_run_seconds": 11.735124799999994,
  "max_run_seconds": 40.86368010000024,
  "valid_runs": 768,
  "invalid_runs": 0
}