{
  "wall_seconds": 445.2996075000001,
  "mean_run_seconds": 18.203286295833326,
  "median_run_seconds": 16.23015764999991,
  "max_run_seconds": 52.2860768999999,
  "valid_runs": 192,
  "invalid_runs": 0
}