{
  "wall_seconds": 357.49342419999994,
  "mean_run_seconds": 14.449547701562457,
  "median_run_seconds": 11.968397399999958,
  "max_run_seconds": 31.02633909999986,
  "valid_runs": 192,
  "invalid_runs": 0
}