{
  "wall_seconds": 352.35659369593486,
  "mean_run_seconds": 14.071014240583887,
  "median_run_seconds": 14.623950526991393,
  "max_run_seconds": 24.32008340791799,
  "valid_runs": 3072,
  "invalid_runs": 0
}