{
  "wall_seconds": 351.9199021710083,
  "mean_run_seconds": 14.056594018970562,
  "median_run_seconds": 14.69831481447909,
  "max_run_seconds": 24.370489472988993,
  "valid_runs": 3072,
  "invalid_runs": 0
}